제목,성격,신청날짜,지원대상,금액
재단법인 논산시장학회 장학생 선발,외부장학,3분기,"고등학생·대학 신입생, 논산시 1년 이상 거주자·자녀",150만원
『(재)춘천인재육성장학재단』 봄내장학생 선발,외부장학,3분기,,최대 100만원
고졸 후학습자 장학금,교내/일반장학,,,
고속도로 장학생 선발,교내/일반장학,3분기,"고속도로 사고 피해자·자녀, 중증장애인·자녀",500만원
포항시장학회 대학교 장학생 선발,외부장학,3분기,포항시 1년 이상 거주자·자녀,최대 200만원
고졸 후학습자 장학금,교내/일반장학,,,
인천인재평생교육진흥원 장학생 선발,교내/일반장학,,,
대전청년내일재단 성취(대)장학생 선발,외부장학,,,
인재육성(성취) 장학생 선발,교내/일반장학,,,
통영시 대학생 학자금 대출이자 지원,공지/안내,3분기,"대학(원)생·미취업 졸업생, 통영시 1년 이상 거주자·자녀",
[미래에셋박현주재단] 제36기 미래에셋 해외교환 장학생 선발,외부장학,,,
AI학업장려 학자금 대출,공지/안내,,,
익산시 대학생 학자금 대출이자 지원,공지/안내,,,
성남시 다자녀가구(셋째부터) 대학생 등록금 지원 장학금,공지/안내,,,
푸른등대 기부장학금,교내/일반장학,,,
고졸 후학습자 장학금,교내/일반장학,,,
익산사랑 장학생 선발,교내/일반장학,3분기,"초·중·고·대 재학생, 휴학생 제외",
달서인재육성장학재단 장학생 선발,외부장학,3분기,,
울산연구원 장학생 선발,교내/일반장학,3분기,초·중·고·대 재학생,
선원가족 장학생 선발,교내/일반장학,,,
분납 학자금 대출,공지/안내,,,
광산장학회 장학생 선발,외부장학,,,200만원
통영시 대학생 등록금 전액 지원사업 장학금,공지/안내,,,전액
손태희장학재단 장학생 선발,외부장학,,,
고려대학교 교우회 89학번동기회 장학생 선발,교내/일반장학,,세종캠퍼스 재학생,200만원
「세종이도인재장학금,교내/일반장학,,,
국가장학금,국가장학,,,
한국장학재단 학자금 대출,외부장학,,,최대 50만원
군산시 대학생 학자금 대출이자 지원사업,공지/안내,,,
서울인재대학장학금 장학생 선발,교내/일반장학,3분기,"대학 재학생, 대학 1학년, 서울 소재 대학 재학생·서울시민 자녀, 대한민국 국적자",200만원
울산광역시 대학(원)생 학자금 대출 이자지원사업,공지/안내,,,
5·18희망장학생 선발,교내/일반장학,,,
화성시인재육성재단 「소상공인 장학금,외부장학,,,
[포스코비전장학] 대학생 생활장학금,교내/일반장학,,,
재단법인충남평생교육진흥원 재능키움 장학금,외부장학,,,
정읍시민장학재단 우수인재장학금 장학생 선발,외부장학,,,
고려대학교 여교수회 차세대 지도자 장학생 선발,교내/일반장학,,학부 4학년 여학생,250만원
[한국장애인개발원]쌍용곰두리장학생 선발,교내/일반장학,3분기,,100만원
한국장학재단 농촌출신대학(원)생 학자금 대출,외부장학,,,
세종연구원 세종이도인재장학금 디딤돌 장학사업 학자금 대출,교내/일반장학,,,
미래로 장학금,교내/일반장학,3분기,"재학생, 학자금 지원구간 0~4구간",180만원
청년창업농장학금,교내/일반장학,,,
2026 부마민주항쟁기념재단 장학생 선발,외부장학,,,
진천군장학회 워킹홀리데이 지원사업 장학금,외부장학,,,
소아·청소년 당뇨인 푸른빛 희망 장학금,교내/일반장학,,,
세종골프인재육성 장학금,교내/일반장학,,"평점 2.5 이상, 골프선수·경력자",500만원
호반 이노베이션 장학생 선발,교내/일반장학,,,
농림축산식품부 대학장학금,교내/일반장학,,,
[우양재단] 청년밥상 장학금,외부장학,,,
희망장학금 장학생 선발,외부장학,2분기,,
중요☆★ 국가장학금,국가장학,,,
[산학협동재단 장학생 선발,외부장학,,,
한국장학재단 국가우수장학(이공계) 재학중 우수자(2년지원) 유형 장학금,외부장학,2분기,"자연·공학계열 3학년 재학생, 대한민국 국적자",
[삼성드림클래스] 대학생멘토 장학금,공지/안내,,,
[한국장학재단]주거안정장학금,외부장학,,,
거창군 지역출신 대학생 등록금 지원사업 장학금,공지/안내,,,
세종연구원 세종이도인재장학금 장학생 선발,교내/일반장학,,,
화성시인재육성재단 주거비지원 장학금,외부장학,,,
화성시인재육성재단 「꿈드림 장학금,외부장학,2분기,"대학생, 학자금 지원구간 5구간 이내",100만원
아산시미래장학회 산업 인재육성 장학생 선발,외부장학,2분기,아산시 2년 이상 거주자·자녀,
은평구민 장학생 선발,교내/일반장학,,,
서울독립유공자후손장학금,교내/일반장학,,,
재능키움 장학금,교내/일반장학,,,
[한국고등교육재단] 인재림 제6기 장학생 선발,외부장학,,,
EBS 꿈장학생 선발,교내/일반장학,,,
다다익산 장학생 선발,교내/일반장학,,,
구미시장학재단 장학생 선발,외부장학,,,
제35기 미래에셋 해외교환 장학생 선발,교내/일반장학,,,
KUPC 장학금,교내/일반장학,,재학생,60만원
「대통령과학장학금」신규 장학생 선발,교내/일반장학,,,
장기복무 제대군인(본인) 수업료 보조 장학금,공지/안내,2분기,10년 이상 장기복무 제대군인,
학생복지처 특별장학금,교내/일반장학,2분기,"학부 재학생, 가계곤란 학생, 대한민국 국적자",
경기도 학자금 대출 장기연체자 신용회복 지원,공지/안내,,,
카카오뱅크 스칼라십 장학생 선발,교내/일반장학,,,
<향토인재 장학금> 장학생 선발,교내/일반장학,,,
인천 청년 해외배낭연수 장학생 선발,교내/일반장학,,,
다문화인재장학금,교내/일반장학,,다문화가정 학생,420만원
[우양재단]기명·기타 장학생 선발,외부장학,,,
『우듬지 인재키움』 장학생 선발,교내/일반장학,,,
[한국장학재단] 푸른등대 삼성기부장학금 신규장학생 선발,외부장학,,,
고려대학교 세종 CPTA장학금,교내/일반장학,2분기,"세종캠퍼스 재학생, 전문자격시험 합격자",
미래로 장학금,교내/일반장학,2분기,"재학생, 학자금 지원구간 0~8구간",180만원
[세종캠퍼스]교내장학금,교내/일반장학,2분기,학부 재학생,356만원
춘천인재육성장학재단 봄내장학생 선발,외부장학,1분기,,최대 100만원
인천인재평생교육진흥원 장학생 선발,교내/일반장학,,,
달서인재육성장학재단 진학장학생 선발,외부장학,,,
[밀알복지재단] KSD 꿈이룸장학사업 장학생 선발,외부장학,,,
익산시 대학생 학자금 대출이자 지원,공지/안내,,,
YP(Young Professionals)가 후원하는 [그랜드 피스투어] 장학금,교내/일반장학,1분기,"대학생, 휴학생·졸업생 포함",200만원
대구동구교육재단 장학생 선발,외부장학,,,
군산시 대학(원)생 학자금 대출 이자 지원,공지/안내,,,
제35기 미래에셋 해외교환 장학생 선발,교내/일반장학,,,
[한국장학재단] 중소기업 취업연계 장학사업(희망사다리Ⅰ유형) 신규장학생 선발,외부장학,,,
재단법인 용인시장학재단 장학금,외부장학,,,
[한국장학재단] 대학생 홍보대사 장학금,외부장학,,,
재단법인 논산시장학회 학업장려 장학생 선발,외부장학,,,
성남시 다자녀가구(셋째부터) 대학생 등록금 지원 장학금,공지/안내,,,
통영시 대학생 학자금 대출이자 지원 신청,공지/안내,,,
"한국장학재단 국가우수장학금(인문100년, 예술체육비전) 장학생 선발",외부장학,,,
한국장학재단 고졸후학습자장학금,외부장학,,,
울산연구원 장학생 선발,교내/일반장학,1분기,대학 신입생·재학생,전액
푸른등대 기부장학금 신규장학생 선발,교내/일반장학,,,
선원가족 장학생 선발,교내/일반장학,,,
통일과나눔 통일·북한 분야 석박사 장학생 선발,교내/일반장학,1분기,박사과정 신입생·재학생,100만원
한국장학재단 학자금 대출,외부장학,,,최대 50만원
통영시 대학생 등록금 전액 지원사업 장학금,공지/안내,,,전액
강남구 장학생 선발,교내/일반장학,,,
제주삼다수재단 삼다수 장학생 선발,외부장학,,,
국가장학금,국가장학,,,
[한국장학재단]주거안정장학금,외부장학,,,
2026 통일이음 장학사업(제3국 출신 탈북민 자녀 대학생) 장학생 선발,교내/일반장학,,,
분납 학자금 대출,공지/안내,,,
동암장학회 장학생 선발,외부장학,,"대학 신입생·재학생, 경주시 거주자",500만원
2026 시설보호 여성청소년 자립지원사업 「JUMP ON 멘토링」 여성 대학생 멘토 장학금,공지/안내,,,
호반 이노베이션 장학생 선발,교내/일반장학,,"중위소득 150% 이하, 평점 3.5 이상, 대한민국 국적자",300만원
울산광역시 대학(원)생 학자금 대출 이자지원사업,공지/안내,1분기,한국장학재단 학자금대출 이용자,
농촌출신대학(원)생 학자금 대출,공지/안내,,,
우양재단 신규 장학생 선발,외부장학,,,
경기도 대학생 학자금 대출이자 지원 사업,공지/안내,,,
한국장학재단 학자금 대출,외부장학,,,
미래로 장학금,교내/일반장학,1분기,"재학생, 학자금 지원구간 0~4구간",180만원
고려대학교 여교수회 차세대 지도자 장학생 선발,교내/일반장학,,학부 4학년 여학생,220만원
제30회 (재)부산진구장학회 장학생 선발,외부장학,1분기,부산진구 3년 이상 거주자·자녀,350만원
2026 DB김준기문화재단 '드림리더 장학생 선발,외부장학,,,
제34기 세아해암 장학생 선발,교내/일반장학,,,
농림축산식품부(청년창업농장학금) 장학생 선발,교내/일반장학,,,
한국농어촌희망재단 청년창업농장학금,외부장학,,,
"[한국장학재단] 통학로(路, 통합학생지원정보로) 홍보 장학금",외부장학,,,
[삼성드림클래스] 대학생멘토 장학금,공지/안내,,,
국가장학금,국가장학,,,
거창군 지역출신 대학생 등록금 지원사업 장학금,공지/안내,,,
[한국장학재단]주거안정장학금,외부장학,,,
전기공사공제조합장학회)전기공사공제조합장학회 제21기 장학생 선발,외부장학,4분기,"전기관련학과 재학생, 조합원·임직원 및 자녀",최대 500만원
인천인재평생교육진흥원 「북한이탈주민 지원 장학생 선발,교내/일반장학,4분기,,100만원
우양재단 동행장학금,외부장학,,,
'인재의 숲 – 人材林 인재림’ 5기 장학생 선발,교내/일반장학,,,
한국장학재단 국가우수장학금,외부장학,4분기,,전액
한국장학재단 국가우수장학금,외부장학,4분기,,전액
익산시 다다익산 장학생 선발,교내/일반장학,4분기,"대학 재학생, 휴학생 제외, 5자녀 이상 가구",최대 800만원
세종평생교육·정책연구원 「세종 세계로 장학금,교내/일반장학,,,
강화군 대학생 등록금 지원 사업 장학금,공지/안내,,,
공익인재 장학생 선발,교내/일반장학,4분기,,100만원
통영시 저소득 대학생 장학금,교내/일반장학,4분기,,최대 100만원
[한국지도자육성장학재단] 신규 장학생 선발,외부장학,4분기,,전액
안산시 대학생 본인부담 등록금 반값지원 장학금,공지/안내,,,
인천인재평생교육진흥원 장학생 선발,교내/일반장학,4분기,,100만원
의생명과학분야 대학 장학생 선발,교내/일반장학,,,
북한이탈청소년장학생 선발,교내/일반장학,,,
학생복지처특별장학금,교내/일반장학,4분기,"학부 재학생, 가계곤란 학생, 대한민국 국적자",
KUPC 장학금,교내/일반장학,,재학생,100만원
재단법인 논산시장학회 장학생 선발,외부장학,,"고등학생·대학 신입생, 논산시 1년 이상 거주자·자녀",
교내장학금,교내/일반장학,4분기,학부 재학생,356만원
미래로장학금,교내/일반장학,4분기,"재학생, 학자금 지원구간 0~8구간",180만원
은평구민 장학생 선발,교내/일반장학,3분기,,
2026 대산농촌재단 장학생 선발,외부장학,,,
울산연구원 장학생 선발,교내/일반장학,4분기,대학 신입생·재학생,
장기복무 제대군인(본인) 수업료 보조 장학금,공지/안내,4분기,10년 이상 장기복무 제대군인,
춘천시민장학재단 봄내장학생 선발,외부장학,3분기,,최대 100만원
광산장학회 장학생 선발,외부장학,,광산구 1년 이상 거주자·자녀,200만원
고려대학교 세종 CPTA장학금,교내/일반장학,4분기,"세종캠퍼스 재학생, 전문자격시험 합격자",
"대전청년내일재단 인재육성(청년희망, 거주비지원) 장학생 선발",외부장학,,,
고속도로 장학생 선발,교내/일반장학,3분기,"고속도로 사고 피해자·자녀, 중증장애인·자녀",500만원
인천인재평생교육진흥원 장학생 선발,교내/일반장학,,,
Essor장학금,교내/일반장학,,"학부 재학생, 성적경고 해제 재학생",100만원
다문화인재장학금,교내/일반장학,,"학부 재학생, 다문화가정 학생",420만원
세종 세계로 장학금,교내/일반장학,,,
익산시 대학생 학자금 대출이자 지원,공지/안내,3분기,,
25년도 고졸 후학습자 장학금(희망사다리Ⅱ유형) 신규장학생 선발,교내/일반장학,,,
통영시 대학생 학자금 대출이자 지원,공지/안내,3분기,"대학(원)생·미취업 졸업생, 통영시 1년 이상 거주자·자녀",
달서인재육성장학재단 장학생 선발,외부장학,3분기,"초·중·고·대 재학생, 달서구 1년 이상 거주자·자녀",
